大话西游之大圣娶亲,9.2,中国大陆,喜剧,https://movie.douban.com/subject/1292213/,https://img3.doubanio.com/view/photo/s_ratio_poster/public/p2455050536.jpg
狐妖小红娘剧场版：王权富贵,9.2,中国大陆,喜剧,https://movie.douban.com/subject/26946612/,https://img3.doubanio.com/view/photo/s_ratio_poster/public/p2409467410.jpg
我不是药神,9.0,中国大陆,喜剧,https://movie.douban.com/subject/26752088/,https://img3.doubanio.com/view/photo/s_ratio_poster/public/p2519070834.jpg
演员工作室：老爸老妈的浪漫史,9.5,美国,喜剧,https://movie.douban.com/subject/25855990/,https://img3.doubanio.com/view/photo/s_ratio_poster/public/p2176444996.jpg
杰夫·敦哈姆：星星之火让人抓狂,9.4,美国,喜剧,https://movie.douban.com/subject/2363526/,https://img3.doubanio.com/view/photo/s_ratio_poster/public/p2515501982.jpg
哈利同人音乐剧第一部,9.5,美国,喜剧,https://movie.douban.com/subject/20388406/,https://img3.doubanio.com/view/photo/s_ratio_poster/public/p2191854174.jpg
福尔摩斯二世,9.4,美国,喜剧,https://movie.douban.com/subject/1303408/,https://img1.doubanio.com/view/photo/s_ratio_poster/public/p2206737207.jpg
吉米·鸡毛逊毙了！马达翻身当主持,9.4,美国,喜剧,https://movie.douban.com/subject/26721341/,https://img3.doubanio.com/view/photo/s_ratio_poster/public/p2315824435.jpg
南方公园之梦想国度,9.4,美国,喜剧,https://movie.douban.com/subject/5179539/,https://img3.doubanio.com/view/subject/l/public/s5293436.jpg
拜访森林,9.4,美国,喜剧,https://movie.douban.com/subject/25741291/,https://img3.doubanio.com/view/photo/s_ratio_poster/public/p2155898916.jpg
博弈论,9.3,美国,喜剧,https://movie.douban.com/subject/3272459/,https://img3.doubanio.com/view/photo/s_ratio_poster/public/p2254959230.jpg
乔治 卡林：王者归来,9.3,美国,喜剧,https://movie.douban.com/subject/3054636/,https://img3.doubanio.com/view/photo/s_ratio_poster/public/p2508661214.jpg
聪明狗走天涯,9.3,美国,喜剧,https://movie.douban.com/subject/1297777/,https://img1.doubanio.com/view/subject/l/public/s1788447.jpg
周六夜现场：贾斯汀·丁伯莱克,9.3,美国,喜剧,https://movie.douban.com/subject/6713364/,https://img3.doubanio.com/view/photo/s_ratio_poster/public/p1835772460.jpg
查理布朗男孩,9.3,美国,喜剧,https://movie.douban.com/subject/1295406/,https://img1.doubanio.com/view/photo/s_ratio_poster/public/p577559527.jpg
摩登时代,9.2,美国,喜剧,https://movie.douban.com/subject/1294371/,https://img3.doubanio.com/view/photo/s_ratio_poster/public/p2173707976.jpg
城市之光,9.2,美国,喜剧,https://movie.douban.com/subject/1293908/,https://img3.doubanio.com/view/photo/s_ratio_poster/public/p2099815842.jpg
你逃我也逃,9.2,美国,喜剧,https://movie.douban.com/subject/1303418/,https://img3.doubanio.com/view/photo/s_ratio_poster/public/p1339915772.jpg
欢乐树的朋友们：赶尽杀绝,9.2,美国,喜剧,https://movie.douban.com/subject/3075070/,https://img3.doubanio.com/view/subject/l/public/s1806732.jpg
拉塞尔·皮特斯：红白褐,9.2,美国,喜剧,https://movie.douban.com/subject/3578890/,https://img3.doubanio.com/view/photo/s_ratio_poster/public/p2320299004.jpg
欢乐树的朋友们：第三击,9.2,美国,喜剧,https://movie.douban.com/subject/1393472/,https://img3.doubanio.com/view/subject/l/public/s1806711.jpg
欢乐树的朋友们：第二发球,9.2,美国,喜剧,https://movie.douban.com/subject/1393471/,https://img3.doubanio.com/view/photo/s_ratio_poster/public/p2162261726.jpg
Russell Peters: Two Concerts One Ticket,9.2,美国,喜剧,https://movie.douban.com/subject/6087827/,https://img1.doubanio.com/view/subject/l/public/s4699657.jpg
辛普森一家：颁奖季,9.2,美国,喜剧,https://movie.douban.com/subject/6008882/,https://img1.doubanio.com/view/photo/s_ratio_poster/public/p2497035958.jpg
周六夜现场：贾斯汀·汀布莱克/Ciara,9.2,美国,喜剧,https://movie.douban.com/subject/6727006/,https://img3.doubanio.com/view/photo/s_ratio_poster/public/p1866167902.jpg
贾达·弗雷德兰德：美国是美国最棒的国家,9.2,美国,喜剧,https://movie.douban.com/subject/27149822/,https://img1.doubanio.com/view/photo/s_ratio_poster/public/p2504460157.jpg
乔治·卡林：人生因失而值,9.2,美国,喜剧,https://movie.douban.com/subject/3095617/,https://img3.doubanio.com/view/photo/s_ratio_poster/public/p2165125235.jpg
平方根：海绵宝宝的故事,9.2,美国,喜剧,https://movie.douban.com/subject/4001873/,https://img3.doubanio.com/view/subject/l/public/s3956255.jpg
乔治·卡林：挤在纽约,9.2,美国,喜剧,https://movie.douban.com/subject/3706177/,https://img3.doubanio.com/view/photo/s_ratio_poster/public/p2508661554.jpg
疯狂动物城,9.1,美国,喜剧,https://movie.douban.com/subject/25662329/,https://img1.doubanio.com/view/photo/s_ratio_poster/public/p2315672647.jpg
寻子遇仙记,9.1,美国,喜剧,https://movie.douban.com/subject/1293270/,https://img1.doubanio.com/view/photo/s_ratio_poster/public/p2332976198.jpg
马戏团,9.1,美国,喜剧,https://movie.douban.com/subject/1299628/,https://img3.doubanio.com/view/photo/s_ratio_poster/public/p2248445275.jpg
欢乐树的朋友们,9.1,美国,喜剧,https://movie.douban.com/subject/4181031/,https://img3.doubanio.com/view/photo/s_ratio_poster/public/p2533709702.jpg
人鼠之间,9.1,美国,喜剧,https://movie.douban.com/subject/26431592/,https://img3.doubanio.com/view/photo/s_ratio_poster/public/p2252276881.jpg
乔治·卡林：你们都有病,9.1,美国,喜剧,https://movie.douban.com/subject/4199429/,https://img3.doubanio.com/view/photo/s_ratio_poster/public/p2508661126.jpg
周六夜现场：金·凯瑞/Soundgarden,9.1,美国,喜剧,https://movie.douban.com/subject/5973957/,https://img1.doubanio.com/view/photo/s_ratio_poster/public/p1764557799.jpg
周六夜现场：贾斯汀·汀布莱克,9.1,美国,喜剧,https://movie.douban.com/subject/21361552/,https://img3.doubanio.com/view/photo/s_ratio_poster/public/p1894383482.jpg
杰夫·唐纳姆：跟自己吵架,9.1,美国,喜剧,https://movie.douban.com/subject/2363540/,https://img3.doubanio.com/view/photo/s_ratio_poster/public/p2515501144.jpg
周六夜现场：贝蒂·怀特/Jay-Z,9.1,美国,喜剧,https://movie.douban.com/subject/4706591/,https://img3.doubanio.com/view/photo/s_ratio_poster/public/p2362999490.jpg
怦然心动,9.0,美国,喜剧,https://movie.douban.com/subject/3319755/,https://img3.doubanio.com/view/photo/s_ratio_poster/public/p663036666.jpg
寻梦环游记,9.0,美国,喜剧,https://movie.douban.com/subject/20495023/,https://img1.doubanio.com/view/photo/s_ratio_poster/public/p2503997609.jpg
雨中曲,9.0,美国,喜剧,https://movie.douban.com/subject/1293460/,https://img3.doubanio.com/view/photo/s_ratio_poster/public/p1612355875.jpg
淘金记,9.0,美国,喜剧,https://movie.douban.com/subject/1298817/,https://img3.doubanio.com/view/photo/s_ratio_poster/public/p1581774481.jpg
将军号,9.0,美国,喜剧,https://movie.douban.com/subject/1292778/,https://img3.doubanio.com/view/photo/s_ratio_poster/public/p2248676081.jpg
欢乐树的朋友们：第一滴血,9.0,美国,喜剧,https://movie.douban.com/subject/1393470/,https://img1.doubanio.com/view/subject/l/public/s1806727.jpg
欢乐树的朋友们：滑雪巡逻救生队,9.1,美国,喜剧,https://movie.douban.com/subject/3075092/,https://img3.doubanio.com/view/subject/l/public/s3622650.jpg
周六夜现场：本·阿弗莱克/坎耶·威斯特,9.0,美国,喜剧,https://movie.douban.com/subject/24521861/,https://img1.doubanio.com/view/photo/s_ratio_poster/public/p2456874717.jpg
蝙蝠侠同人音乐剧,9.0,美国,喜剧,https://movie.douban.com/subject/10604551/,https://img3.doubanio.com/view/photo/s_ratio_poster/public/p1520323343.jpg
小顽童小捣蛋,8.9,美国,喜剧,https://movie.douban.com/subject/1302676/,https://img3.doubanio.com/view/subject/l/public/s3239194.jpg
一路順風，查理布朗,8.9,美国,喜剧,https://movie.douban.com/subject/1296181/,https://img1.doubanio.com/view/photo/s_ratio_poster/public/p2206513238.jpg
杰夫·敦哈姆:混乱特工,8.9,美国,喜剧,https://movie.douban.com/subject/6866452/,https://img3.doubanio.com/view/photo/s_ratio_poster/public/p2515501645.jpg
黄子华栋笃笑之金盘𠺘口,9.6,香港,喜剧,https://movie.douban.com/subject/30203557/,https://img1.doubanio.com/view/photo/s_ratio_poster/public/p2527089368.jpg
跟住去边度,9.3,香港,喜剧,https://movie.douban.com/subject/26767519/,https://img3.doubanio.com/view/photo/s_ratio_poster/public/p2329970542.jpg
大话西游之大圣娶亲,9.2,香港,喜剧,https://movie.douban.com/subject/1292213/,https://img3.doubanio.com/view/photo/s_ratio_poster/public/p2455050536.jpg
我和我的女孩,9.6,日本,喜剧,https://movie.douban.com/subject/11577118/,https://img3.doubanio.com/view/photo/s_ratio_poster/public/p2510934952.jpg
虎与龙SP,9.2,日本,喜剧,https://movie.douban.com/subject/3118848/,https://img3.doubanio.com/view/photo/s_ratio_poster/public/p809505182.jpg
蜡笔小新之呼风唤雨！大人帝国的反击,9.1,日本,喜剧,https://movie.douban.com/subject/1958667/,https://img3.doubanio.com/view/photo/s_ratio_poster/public/p2327107485.jpg
银魂剧场版：新译红樱篇,9.1,日本,喜剧,https://movie.douban.com/subject/4122194/,https://img3.doubanio.com/view/photo/s_ratio_poster/public/p612363092.jpg
最完美的离婚 2014特别篇,9.1,日本,喜剧,https://movie.douban.com/subject/25790749/,https://img1.doubanio.com/view/photo/s_ratio_poster/public/p2186872257.jpg
倒数第二次恋爱 2012秋SP,9.1,日本,喜剧,https://movie.douban.com/subject/19955789/,https://img3.doubanio.com/view/photo/s_ratio_poster/public/p1998695160.jpg
日本之形,9.1,日本,喜剧,https://movie.douban.com/subject/2085511/,https://img3.doubanio.com/view/photo/s_ratio_poster/public/p2253859656.jpg
凉宫春日的消失,9.0,日本,喜剧,https://movie.douban.com/subject/4074292/,https://img3.doubanio.com/view/photo/s_ratio_poster/public/p2246432125.jpg
摄影机不要停！,9.0,日本,喜剧,https://movie.douban.com/subject/30234315/,https://img3.doubanio.com/view/photo/s_ratio_poster/public/p2523363453.jpg
寅次郎的故事15：鸳鸯伞,9.0,日本,喜剧,https://movie.douban.com/subject/1416702/,https://img3.doubanio.com/view/photo/s_ratio_poster/public/p2333007611.jpg
是，大臣 1984圣诞特辑,9.8,英国,喜剧,https://movie.douban.com/subject/26725031/,https://img3.doubanio.com/view/photo/s_ratio_poster/public/p2397258764.jpg
憨豆先生精选辑,9.6,英国,喜剧,https://movie.douban.com/subject/5133063/,https://img3.doubanio.com/view/photo/s_ratio_poster/public/p2354179225.jpg
第十二夜,9.6,英国,喜剧,https://movie.douban.com/subject/26715548/,https://img1.doubanio.com/view/photo/s_ratio_poster/public/p2313529747.jpg
浅希近求：迪兰·莫兰精选,9.6,英国,喜剧,https://movie.douban.com/subject/5913043/,https://img1.doubanio.com/view/subject/l/public/s4596109.jpg
班班和莉莉的小王国,9.5,英国,喜剧,https://movie.douban.com/subject/5169462/,https://img3.doubanio.com/view/photo/s_ratio_poster/public/p2170078305.jpg
绅士联盟舞台剧,9.5,英国,喜剧,https://movie.douban.com/subject/20491284/,https://img3.doubanio.com/view/photo/s_ratio_poster/public/p2235065102.jpg
西蒙·阿姆斯特尔：顺其自然,9.4,英国,喜剧,https://movie.douban.com/subject/6309377/,https://img3.doubanio.com/view/photo/s_ratio_poster/public/p2184490255.jpg
跳出我天地音乐剧,9.4,英国,喜剧,https://movie.douban.com/subject/26264388/,https://img3.doubanio.com/view/photo/s_ratio_poster/public/p2215874393.jpg
无事生非 (2011年伦敦Wyndham剧院版),9.4,英国,喜剧,https://movie.douban.com/subject/26763132/,https://img1.doubanio.com/view/photo/s_ratio_poster/public/p2328040727.jpg
文艺趣向,9.4,英国,喜剧,https://movie.douban.com/subject/26637592/,https://img3.doubanio.com/view/photo/s_ratio_poster/public/p2325812941.jpg
一点双人秀(试播集),9.4,英国,喜剧,https://movie.douban.com/subject/24153305/,https://img3.doubanio.com/view/photo/s_ratio_poster/public/p2179016244.jpg
Jam,9.3,英国,喜剧,https://movie.douban.com/subject/2077558/,https://img3.doubanio.com/view/subject/l/public/s2401735.jpg
五位(还嫌少)博士重启,9.4,英国,喜剧,https://movie.douban.com/subject/25777719/,https://img1.doubanio.com/view/photo/s_ratio_poster/public/p2160377148.jpg
极品基老伴：完结篇,9.3,英国,喜剧,https://movie.douban.com/subject/26700818/,https://img3.doubanio.com/view/photo/s_ratio_poster/public/p2509440210.jpg
迪兰·莫兰：脱身,9.3,英国,喜剧,https://movie.douban.com/subject/26691373/,https://img1.doubanio.com/view/photo/s_ratio_poster/public/p2298274199.jpg
神奇动物管理员之红鼻子日秀,9.3,英国,喜剧,https://movie.douban.com/subject/1957936/,https://img3.doubanio.com/view/photo/s_ratio_poster/public/p2512983620.jpg
幕后危机(特别版),9.3,英国,喜剧,https://movie.douban.com/subject/10573682/,https://img1.doubanio.com/view/photo/s_ratio_poster/public/p2212335757.jpg
IT狂人特别篇,9.2,英国,喜剧,https://movie.douban.com/subject/20453087/,https://img3.doubanio.com/view/photo/s_ratio_poster/public/p2183667933.jpg
极品基老伴：2013圣诞特辑,9.2,英国,喜剧,https://movie.douban.com/subject/25758898/,https://img3.doubanio.com/view/photo/s_ratio_poster/public/p2187166976.jpg
绅士联盟 圣诞特辑,9.2,英国,喜剧,https://movie.douban.com/subject/20277075/,https://img3.doubanio.com/view/photo/s_ratio_poster/public/p2508625981.jpg
出租车司机冒险记,9.2,英国,喜剧,https://movie.douban.com/subject/4705150/,https://img3.doubanio.com/view/photo/s_ratio_poster/public/p2502580762.jpg
迪兰·莫兰：是什么？,9.2,英国,喜剧,https://movie.douban.com/subject/4850732/,https://img3.doubanio.com/view/photo/s_ratio_poster/public/p2517976810.jpg
迪兰·莫兰：怪兽,9.2,英国,喜剧,https://movie.douban.com/subject/1957933/,https://img3.doubanio.com/view/photo/s_ratio_poster/public/p2517976601.jpg
snorks,9.2,英国,喜剧,https://movie.douban.com/subject/1863428/,https://img3.doubanio.com/view/photo/s_ratio_poster/public/p2532865741.jpg
两杆大烟枪,9.1,英国,喜剧,https://movie.douban.com/subject/1293350/,https://img1.doubanio.com/view/photo/s_ratio_poster/public/p792443418.jpg
莫扎特 歌剧《唐·乔万尼》（唐璜）,9.1,英国,喜剧,https://movie.douban.com/subject/1877242/,https://img3.doubanio.com/view/subject/l/public/s1812251.jpg
临时演员圣诞特辑,9.1,英国,喜剧,https://movie.douban.com/subject/2377036/,https://img3.doubanio.com/view/subject/l/public/s3914200.jpg
布朗夫人的儿子们：2015圣诞特别篇,9.0,英国,喜剧,https://movie.douban.com/subject/26698398/,https://img3.doubanio.com/view/photo/s_ratio_poster/public/p2310452506.jpg
流浪者之歌,9.0,英国,喜剧,https://movie.douban.com/subject/1303525/,https://img3.doubanio.com/view/photo/s_ratio_poster/public/p2384320756.jpg
阿曼动画之超级无敌掌门狗系列2,9.0,英国,喜剧,https://movie.douban.com/subject/1305745/,https://img3.doubanio.com/view/photo/s_ratio_poster/public/p2220140456.jpg
欢乐树的朋友们：第一滴血,9.0,英国,喜剧,https://movie.douban.com/subject/1393470/,https://img1.doubanio.com/view/subject/l/public/s1806727.jpg
小不列颠：现场版,9.0,英国,喜剧,https://movie.douban.com/subject/1957937/,https://img1.doubanio.com/view/subject/l/public/s2752947.jpg
第十二夜,9.0,英国,喜剧,https://movie.douban.com/subject/26994997/,https://img3.doubanio.com/view/photo/s_ratio_poster/public/p2445773970.jpg
皆大欢喜,9.0,英国,喜剧,https://movie.douban.com/subject/25795905/,https://img3.doubanio.com/view/photo/s_ratio_poster/public/p2163632711.jpg
彩虹,9.0,英国,喜剧,https://movie.douban.com/subject/1971485/,https://img3.doubanio.com/view/photo/s_ratio_poster/public/p503390374.jpg
Comic Relief 2009,8.9,英国,喜剧,https://movie.douban.com/subject/3726959/,https://img3.doubanio.com/view/photo/s_ratio_poster/public/p2247857861.jpg
本尼·希尔搞笑表演集锦,9.0,英国,喜剧,https://movie.douban.com/subject/1494928/,https://img3.doubanio.com/view/photo/s_ratio_poster/public/p2327819375.jpg
Ricky Gervais Live: Animals,9.0,英国,喜剧,https://movie.douban.com/subject/2162796/,https://img3.doubanio.com/view/subject/l/public/s2621513.jpg
触不可及,9.2,法国,喜剧,https://movie.douban.com/subject/6786002/,https://img3.doubanio.com/view/photo/s_ratio_poster/public/p1454261925.jpg
大胖考10周年,9.1,法国,喜剧,https://movie.douban.com/subject/26296014/,https://img3.doubanio.com/view/photo/s_ratio_poster/public/p2220561444.jpg
冠军理发师,9.1,法国,喜剧,https://movie.douban.com/subject/5115829/,https://img1.doubanio.com/view/photo/s_ratio_poster/public/p1001238848.jpg
美丽人生,9.5,意大利,喜剧,https://movie.douban.com/subject/1292063/,https://img3.doubanio.com/view/photo/s_ratio_poster/public/p510861873.jpg
流浪者之歌,9.0,意大利,喜剧,https://movie.douban.com/subject/1303525/,https://img3.doubanio.com/view/photo/s_ratio_poster/public/p2384320756.jpg
三傻大闹宝莱坞,9.2,印度,喜剧,https://movie.douban.com/subject/3793023/,https://img3.doubanio.com/view/photo/s_ratio_poster/public/p579729551.jpg
彩虹,9.0,加拿大,喜剧,https://movie.douban.com/subject/1971485/,https://img3.doubanio.com/view/photo/s_ratio_poster/public/p503390374.jpg
汉纳·加斯比：娜奈特,9.5,澳大利亚,喜剧,https://movie.douban.com/subject/30253080/,https://img3.doubanio.com/view/photo/s_ratio_poster/public/p2525732775.jpg
迪兰·莫兰：是什么？,9.2,澳大利亚,喜剧,https://movie.douban.com/subject/4850732/,https://img3.doubanio.com/view/photo/s_ratio_poster/public/p2517976810.jpg
土豆工厂,9.2,澳大利亚,喜剧,https://movie.douban.com/subject/1793083/,https://img3.doubanio.com/view/photo/s_ratio_poster/public/p2233036824.jpg
Tim Minchin: So Live,8.9,澳大利亚,喜剧,https://movie.douban.com/subject/3893420/,https://img3.doubanio.com/view/photo/s_ratio_poster/public/p2509370314.jpg
克拉姆一家2,9.0,丹麦,喜剧,https://movie.douban.com/subject/1775004/,https://img3.doubanio.com/view/photo/s_ratio_poster/public/p2512170335.jpg
岁城璃心-鬼蜮咒原,9.0,中国大陆,动作,https://movie.douban.com/subject/26298852/,https://img3.doubanio.com/view/photo/s_ratio_poster/public/p2243669803.jpg
魔法门之英雄无敌3：死亡阴影,9.2,美国,动作,https://movie.douban.com/subject/4935231/,https://img3.doubanio.com/view/subject/l/public/s4432480.jpg
蝙蝠侠：黑暗骑士,9.1,美国,动作,https://movie.douban.com/subject/1851857/,https://img3.doubanio.com/view/photo/s_ratio_poster/public/p462657443.jpg
指环王3：王者无敌,9.1,美国,动作,https://movie.douban.com/subject/1291552/,https://img3.doubanio.com/view/photo/s_ratio_poster/public/p1910825503.jpg
搏击俱乐部,9.0,美国,动作,https://movie.douban.com/subject/1292000/,https://img1.doubanio.com/view/photo/s_ratio_poster/public/p1910926158.jpg
指环王2：双塔奇兵,9.0,美国,动作,https://movie.douban.com/subject/1291572/,https://img3.doubanio.com/view/photo/s_ratio_poster/public/p909265336.jpg
将军号,9.0,美国,动作,https://movie.douban.com/subject/1292778/,https://img3.doubanio.com/view/photo/s_ratio_poster/public/p2248676081.jpg
Ben 10：变身之谜,9.0,美国,动作,https://movie.douban.com/subject/5187955/,https://img1.doubanio.com/view/photo/s_ratio_poster/public/p2320482809.jpg
七武士,9.2,日本,动作,https://movie.douban.com/subject/1295399/,https://img3.doubanio.com/view/photo/s_ratio_poster/public/p647099823.jpg
银魂剧场版：新译红樱篇,9.1,日本,动作,https://movie.douban.com/subject/4122194/,https://img3.doubanio.com/view/photo/s_ratio_poster/public/p612363092.jpg
空之境界 第七章 杀人考察（后）,9.0,日本,动作,https://movie.douban.com/subject/3399553/,https://img3.doubanio.com/view/photo/s_ratio_poster/public/p2202703811.jpg
机动战士高达：逆袭的夏亚,9.0,日本,动作,https://movie.douban.com/subject/1401536/,https://img3.doubanio.com/view/photo/s_ratio_poster/public/p546980785.jpg
数码宝贝大电影一：滚球兽的诞生,9.0,日本,动作,https://movie.douban.com/subject/1303927/,https://img3.doubanio.com/view/photo/s_ratio_poster/public/p2525457080.jpg
赛文奥特曼 我是地球人,9.0,日本,动作,https://movie.douban.com/subject/5041031/,https://img3.doubanio.com/view/photo/s_ratio_poster/public/p2532512046.jpg
独孤：倒回,9.3,韩国,动作,https://movie.douban.com/subject/30148183/,https://img3.doubanio.com/view/photo/s_ratio_poster/public/p2533091683.jpg
蝙蝠侠：黑暗骑士,9.1,英国,动作,https://movie.douban.com/subject/1851857/,https://img3.doubanio.com/view/photo/s_ratio_poster/public/p462657443.jpg
这个杀手不太冷,9.4,法国,动作,https://movie.douban.com/subject/1295644/,https://img3.doubanio.com/view/photo/s_ratio_poster/public/p511118051.jpg
搏击俱乐部,9.0,德国,动作,https://movie.douban.com/subject/1292000/,https://img1.doubanio.com/view/photo/s_ratio_poster/public/p1910926158.jpg
盗梦空间,9.3,美国,科幻,https://movie.douban.com/subject/3541415/,https://img3.doubanio.com/view/photo/s_ratio_poster/public/p513344864.jpg
机器人总动员,9.3,美国,科幻,https://movie.douban.com/subject/2131459/,https://img3.doubanio.com/view/photo/s_ratio_poster/public/p1461851991.jpg
星际穿越,9.2,美国,科幻,https://movie.douban.com/subject/1889243/,https://img3.doubanio.com/view/photo/s_ratio_poster/public/p2206088801.jpg
超感猎杀：完结特别篇,9.2,美国,科幻,https://movie.douban.com/subject/27040774/,https://img3.doubanio.com/view/photo/s_ratio_poster/public/p2520264840.jpg
楚门的世界,9.1,美国,科幻,https://movie.douban.com/subject/1292064/,https://img3.doubanio.com/view/photo/s_ratio_poster/public/p479682972.jpg
蝙蝠侠：黑暗骑士,9.1,美国,科幻,https://movie.douban.com/subject/1851857/,https://img3.doubanio.com/view/photo/s_ratio_poster/public/p462657443.jpg
Ben 10：变身之谜,9.0,美国,科幻,https://movie.douban.com/subject/5187955/,https://img1.doubanio.com/view/photo/s_ratio_poster/public/p2320482809.jpg
新世纪福音战士剧场版：Air/真心为你,9.4,日本,科幻,https://movie.douban.com/subject/1308892/,https://img3.doubanio.com/view/photo/s_ratio_poster/public/p453716993.jpg
福音战士新剧场版：破,9.3,日本,科幻,https://movie.douban.com/subject/2567646/,https://img3.doubanio.com/view/photo/s_ratio_poster/public/p1026522114.jpg
新世纪福音战士剧场版：复兴,9.3,日本,科幻,https://movie.douban.com/subject/20458867/,https://img3.doubanio.com/view/photo/s_ratio_poster/public/p2227584460.jpg
新世纪福音战士剧场版：死与新生,9.2,日本,科幻,https://movie.douban.com/subject/1455442/,https://img3.doubanio.com/view/photo/s_ratio_poster/public/p454134242.jpg
福音战士新剧场版：序,9.1,日本,科幻,https://movie.douban.com/subject/1968790/,https://img3.doubanio.com/view/photo/s_ratio_poster/public/p2411110730.jpg
攻壳机动队2：无罪,9.1,日本,科幻,https://movie.douban.com/subject/1291566/,https://img1.doubanio.com/view/photo/s_ratio_poster/public/p1910832189.jpg
机动战士高达 THE ORIGIN III 破晓的起义,9.1,日本,科幻,https://movie.douban.com/subject/26359261/,https://img3.doubanio.com/view/photo/s_ratio_poster/public/p2325456546.jpg
新世纪福音战士 第0:0话 诞生之始,9.1,日本,科幻,https://movie.douban.com/subject/26306741/,https://img3.doubanio.com/view/photo/s_ratio_poster/public/p2222846543.jpg
银河英雄传说：我的征途是星辰大海,9.1,日本,科幻,https://movie.douban.com/subject/3542206/,https://img3.doubanio.com/view/photo/s_ratio_poster/public/p486657453.jpg
银河英雄传说：新战争的序曲,9.1,日本,科幻,https://movie.douban.com/subject/3542229/,https://img3.doubanio.com/view/photo/s_ratio_poster/public/p2518590956.jpg
凉宫春日的消失,9.0,日本,科幻,https://movie.douban.com/subject/4074292/,https://img3.doubanio.com/view/photo/s_ratio_poster/public/p2246432125.jpg
机动战士高达：逆袭的夏亚,9.0,日本,科幻,https://movie.douban.com/subject/1401536/,https://img3.doubanio.com/view/photo/s_ratio_poster/public/p546980785.jpg
赛文奥特曼 我是地球人,9.0,日本,科幻,https://movie.douban.com/subject/5041031/,https://img3.doubanio.com/view/photo/s_ratio_poster/public/p2532512046.jpg
新世纪福音战士 第0:0'话 来自黑暗之光,9.0,日本,科幻,https://movie.douban.com/subject/25815018/,https://img1.doubanio.com/view/photo/s_ratio_poster/public/p2167258298.jpg
高智能方程式赛车 TV总集篇,9.0,日本,科幻,https://movie.douban.com/subject/4906417/,https://img3.doubanio.com/view/subject/l/public/s4412555.jpg
盗梦空间,9.3,英国,科幻,https://movie.douban.com/subject/3541415/,https://img3.doubanio.com/view/photo/s_ratio_poster/public/p513344864.jpg
神秘博士特别篇：时间尽头(下),9.3,英国,科幻,https://movie.douban.com/subject/4215755/,https://img1.doubanio.com/view/photo/s_ratio_poster/public/p2151699747.jpg
星际穿越,9.2,英国,科幻,https://movie.douban.com/subject/1889243/,https://img3.doubanio.com/view/photo/s_ratio_poster/public/p2206088801.jpg
蝙蝠侠：黑暗骑士,9.1,英国,科幻,https://movie.douban.com/subject/1851857/,https://img3.doubanio.com/view/photo/s_ratio_poster/public/p462657443.jpg
黑镜：圣诞特别篇,9.1,英国,科幻,https://movie.douban.com/subject/25964630/,https://img3.doubanio.com/view/photo/s_ratio_poster/public/p2233676442.jpg
神秘博士：火星之水,9.0,英国,科幻,https://movie.douban.com/subject/4144683/,https://img3.doubanio.com/view/photo/s_ratio_poster/public/p2151616662.jpg
神秘博士圣诞时刻,9.0,英国,科幻,https://movie.douban.com/subject/21354158/,https://img3.doubanio.com/view/subject/l/public/s24976003.jpg
星际穿越,9.2,加拿大,科幻,https://movie.douban.com/subject/1889243/,https://img3.doubanio.com/view/photo/s_ratio_poster/public/p2206088801.jpg
